<?xml version="1.0" encoding="utf-8" ?>

<Defs>
	<ThingDef ParentName="BuildingBase">
		<defName>TranqTurretGun</defName>
		<label>Tranquilizer Turret</label>
		<thingClass>Building_TurretGun</thingClass>
	<drawerType>MapMeshAndRealTime</drawerType>
		<graphicData>
			<texPath>Things/Building/Security/TranqTurretBase</texPath>
			<shaderType>CutoutComplex</shaderType>
			<graphicClass>Graphic_Random</graphicClass>
			<drawSize>(2,2)</drawSize>
			<damageData>
				<rect>(0.2,0.2,0.6,0.6)</rect>
			</damageData>
		</graphicData>
		<castEdgeShadows>true</castEdgeShadows>
		<minifiedDef>MinifiedThing</minifiedDef>
		<uiIconPath>Things/Building/Security/TranqTurretGun_Ico</uiIconPath>
		<altitudeLayer>Building</altitudeLayer>
		<pathCost>50</pathCost>
		<statBases>
			<MaxHitPoints>125</MaxHitPoints>
			<Flammability>0.25</Flammability>
			<WorkToBuild>2500</WorkToBuild>
			<Mass>120</Mass>
			<Beauty>-15</Beauty>
			<ShootingAccuracyTurret>0.99</ShootingAccuracyTurret>
		</statBases>
		<tickerType>Normal</tickerType>
		<comps Inherit="False">
			<li Class="CompProperties_Forbiddable"/>
			<li Class="CompProperties_Power">
				<compClass>CompPowerTrader</compClass>
				<basePowerConsumption>150</basePowerConsumption>
			</li>
			<li Class="CompProperties_Flickable"/>
			<li Class="CompProperties_Breakdownable"/>
		</comps>
		<description>A highly accurate tranquilizer turret that automatically fires at enemies.</description>
		<passability>PassThroughOnly</passability>
		<fillPercent>0.4</fillPercent>
		<hasTooltip>true</hasTooltip>
		<thingCategories>
			<li>BuildingsSecurity</li>
		</thingCategories>
		<stuffCategories>
			<li>Metallic</li>
		</stuffCategories>
		<costStuffCount>100</costStuffCount>
		<costList>
			<Steel>150</Steel>
			<ComponentIndustrial>5</ComponentIndustrial>
		</costList>
		<constructionSkillPrerequisite>5</constructionSkillPrerequisite>
		<terrainAffordanceNeeded>Light</terrainAffordanceNeeded>
		<designationCategory>Security</designationCategory>
		<designationHotKey>Misc5</designationHotKey>
		<specialDisplayRadius>32</specialDisplayRadius>
		<stealable>false</stealable>
		<rotatable>true</rotatable>
		<building>
			<ai_combatDangerous>true</ai_combatDangerous>
			<turretGunDef>Gun_TranqTurret</turretGunDef>
			<turretBurstCooldownTime>8.0</turretBurstCooldownTime>
		</building>
		<placeWorkers>
			<li>PlaceWorker_TurretTop</li>
		</placeWorkers>
		<researchPrerequisites>
			<li>TranqTurret</li>
		</researchPrerequisites>
	</ThingDef>
	
	
	
	<ThingDef Class="NonLethalWeapons.ThingDef_NLW_HediffBullet" ParentName="BaseBullet">
		<defName>Bullet_TranqTurret</defName>
		<label>tranquilizer dart</label>
		<graphicData>
			<texPath>Things/Proj_Tranq_Dart</texPath>
			<graphicClass>Graphic_Single</graphicClass>
		</graphicData>
		<projectile>
			<flyOverhead>false</flyOverhead>
			<damageDef>Bullet</damageDef>
			<damageAmountBase>0</damageAmountBase>
			<stoppingPower>.82</stoppingPower>
			<speed>100</speed>
		</projectile>
		<AddHediffChance>0.90</AddHediffChance>
		<HediffsToAdd>
			<li>Ab16_Tranquilize</li>
		</HediffsToAdd>
		<thingClass>NonLethalWeapons.Projectile_NLW_TranquilizerDart</thingClass>
	</ThingDef>
	

	<ThingDef ParentName="BaseWeaponTurret">
		<defName>Gun_TranqTurret</defName>
		<label>Tranquilizer Turret</label>
		<description>A turret fitted with a tranquilizer gun that automatically fires at nearby and distant enemies.</description>
		<drawerType>MapMeshAndRealTime</drawerType>
		<graphicData>
			<texPath>Things/Building/Security/TranqTurretGun</texPath>
			<graphicClass>Graphic_Single</graphicClass>
		</graphicData>
		<soundInteract>Interact_Rifle</soundInteract>
		<tradeability>None</tradeability>
		<destroyOnDrop>true</destroyOnDrop>
		<statBases>
			<AccuracyTouch>1.00</AccuracyTouch>
			<AccuracyShort>0.95</AccuracyShort>
			<AccuracyMedium>0.90</AccuracyMedium>
			<AccuracyLong>0.80</AccuracyLong>
			<RangedWeapon_Cooldown>0.8</RangedWeapon_Cooldown>
			<Mass>10</Mass>
		</statBases>
		<weaponTags>
			<li>TurretGun</li>
		</weaponTags>
		<verbs>
			<li>
				<verbClass>Verb_Shoot</verbClass>
				<hasStandardCommand>true</hasStandardCommand>
				<defaultProjectile>Bullet_TranqTurret</defaultProjectile>
				<warmupTime>1.0</warmupTime>
				<range>32</range>
				<burstShotCount>1</burstShotCount>
				<soundCast>TranqRound</soundCast>
				<soundCastTail>GunTail_Light</soundCastTail>
				<muzzleFlashScale>20</muzzleFlashScale>
			</li>
		</verbs>
	</ThingDef>
</Defs>
